{
  "criteria": {
    "requirement": {
      "trigger": "minecraft:item_used_on_block",
      "conditions": {
        "player": [],
        "location": [
          {
            "condition": "minecraft:match_tool",
            "predicate": {
              "items": [

               "minecraft:armor_stand"

              ]
            }
          }
        ]
      }
    }
  },
  "rewards": {
    "function": "vanilla_refresh:other/placed_block"
  },
  "parent": "vanilla_refresh:place/disc"
}
