{
  "criteria": {
    "requirement": {
      "trigger": "minecraft:placed_block",
      "conditions": {
        "location": [
          {
            "condition": "minecraft:location_check",
            "predicate": {
              "block": {
                "blocks": "#vanilla_refresh:enchanting_table"
              }
            }
          }
        ]
      }
    }
  },
  "rewards": {
    "function": "vanilla_refresh:other/placed_block"
  },
  "parent": "vanilla_refresh:place/disc"
}
