{
  "condition": "minecraft:all_of",
  "terms": [
    

    {
      "condition": "minecraft:location_check",
      "offsetX": 1,
      "predicate": {
        "block": {
          "blocks": "#vanilla_refresh:permeable"
        }
      }
    },
     {
      "condition": "minecraft:location_check",
      "offsetX": -1,
      "predicate": {
        "block": {
          "blocks": "#vanilla_refresh:permeable"
        }
      }
    },
    
    {
      "condition": "minecraft:location_check",
      "offsetZ": 1,
      "predicate": {
        "block": {
          "blocks": "#vanilla_refresh:permeable"
        }
      }
    },
     {
      "condition": "minecraft:location_check",
      "offsetZ": -1,
      "predicate": {
        "block": {
          "blocks": "#vanilla_refresh:permeable"
        }
      }
    }

  ]
}
