{
	"name": "explorify:ruins/house",
	"fallback": "minecraft:empty",
	"elements": [
    {
			"weight": 1,
			"element": {
				"element_type": "minecraft:single_pool_element",
        "location": "explorify:ruins/monument/01",
				"projection": "rigid",
				"processors": "explorify:ruins_house_processor"
			}
		},
    {
			"weight": 1,
			"element": {
				"element_type": "minecraft:single_pool_element",
        "location": "explorify:ruins/monument/02",
				"projection": "rigid",
				"processors": "explorify:ruins_house_processor"
			}
		}
	]
}
