{
	"type": "minecraft:chest",
	"pools": [
		{
			"rolls": 1,
			"entries": [
				{
					"type": "minecraft:loot_table",
					"value": "minecraft:chests/village/village_tannery"
				}
			]
		},
		{
			"rolls": {
				"type": "minecraft:uniform",
				"min": 3,
				"max": 7
			},
			"entries": [
				{
					"type": "minecraft:item",
					"name": "minecraft:torch"
				},
				{
					"type": "minecraft:item",
					"name": "minecraft:bread"
				},
				{
					"type": "minecraft:item",
					"name": "minecraft:cooked_salmon"
				},
				{
					"type": "minecraft:item",
					"name": "minecraft:iron_ingot"
				},
				{
					"type": "minecraft:item",
					"name": "minecraft:white_wool"
				}
			],
			"functions": [
				{
					"function": "minecraft:set_count",
					"count": {
						"type": "minecraft:uniform",
						"min": 1,
						"max": 5
					}
				}
			]
		}
	]
}
