{
  "name": "explorify:bastion_spiral/dungeon_feature",
  "fallback": "minecraft:empty",
  "elements": [
    {
      "weight": 80,
      "element": {
        "element_type": "minecraft:empty_pool_element"
      }
    },
    {
      "weight": 12,
      "element": {
        "element_type": "minecraft:single_pool_element",
        "location": "explorify:bastion_spiral/dungeon_feature/blaze_spawner",
        "projection": "rigid",
        "processors": "minecraft:empty"
      }
    },
    {
      "weight": 24,
      "element": {
        "element_type": "minecraft:single_pool_element",
        "location": "explorify:bastion_spiral/dungeon_feature/bridge_chest",
        "projection": "rigid",
        "processors": "minecraft:empty"
      }
    },
    {
      "weight": 56,
      "element": {
        "element_type": "minecraft:single_pool_element",
        "location": "explorify:bastion_spiral/dungeon_feature/gilded_blackstone",
        "projection": "rigid",
        "processors": "minecraft:empty"
      }
    },
    {
      "weight": 6,
      "element": {
        "element_type": "minecraft:single_pool_element",
        "location": "explorify:bastion_spiral/dungeon_feature/gold_blocks",
        "projection": "rigid",
        "processors": "minecraft:empty"
      }
    },
    {
      "weight": 2,
      "element": {
        "element_type": "minecraft:single_pool_element",
        "location": "explorify:bastion_spiral/dungeon_feature/hoglin_spawner",
        "projection": "rigid",
        "processors": "minecraft:empty"
      }
    },
    {
      "weight": 40,
      "element": {
        "element_type": "minecraft:single_pool_element",
        "location": "explorify:bastion_spiral/dungeon_feature/nether_wart",
        "projection": "rigid",
        "processors": "minecraft:empty"
      }
    },
    {
      "weight": 1,
      "element": {
        "element_type": "minecraft:single_pool_element",
        "location": "explorify:bastion_spiral/dungeon_feature/netherite",
        "projection": "rigid",
        "processors": "minecraft:empty"
      }
    },
    {
      "weight": 8,
      "element": {
        "element_type": "minecraft:single_pool_element",
        "location": "explorify:bastion_spiral/dungeon_feature/piglins",
        "projection": "rigid",
        "processors": "minecraft:empty"
      }
    },
    {
      "weight": 8,
      "element": {
        "element_type": "minecraft:single_pool_element",
        "location": "explorify:bastion_spiral/dungeon_feature/treasure_chest",
        "projection": "rigid",
        "processors": "minecraft:empty"
      }
    }
  ]
}