{
	"processors": [
		{
			"processor_type": "minecraft:rule",
			"rules": [
				{
					"location_predicate": {
						"predicate_type": "minecraft:always_true"
					},
					"input_predicate": {
						"predicate_type": "minecraft:random_block_match",
						"block": "minecraft:candle",
						"probability": 0.5
					},
					"output_state": {
						"Name": "minecraft:air"
					}
				},
				{
					"location_predicate": {
						"predicate_type": "minecraft:always_true"
					},
					"input_predicate": {
						"predicate_type": "minecraft:random_block_match",
						"block": "minecraft:cobweb",
						"probability": 0.5
					},
					"output_state": {
						"Name": "minecraft:air"
					}
				}
			]
		},
		{
			"processor_type": "minecraft:rule",
			"rules": [
				{
					"location_predicate": {
						"predicate_type": "minecraft:always_true"
					},
					"input_predicate": {
						"predicate_type": "minecraft:random_block_match",
						"block": "minecraft:stone_bricks",
						"probability": 0.25
					},
					"output_state": {
						"Name": "minecraft:cracked_stone_bricks"
					}
				}
			]
		},
		{
			"processor_type": "minecraft:block_age",
			"mossiness": 0.5
		},
		{
			"processor_type": "minecraft:rule",
			"rules": [
				{
					"location_predicate": {
						"predicate_type": "minecraft:always_true"
					},
					"input_predicate": {
						"predicate_type": "minecraft:random_block_match",
						"block": "minecraft:potted_dead_bush",
						"probability": 0.33
					},
					"output_state": {
						"Name": "minecraft:decorated_pot",
						"Properties": {
							"cracked": "false",
							"facing": "north",
							"waterlogged": "false"
						}
					},
					"block_entity_modifier": {
						"type": "minecraft:append_loot",
						"loot_table": "explorify:chest/mausoleum_pot"
					}
				}
			]
		}
	]
}
